order_id,order_date,customer_id
CA-2023-102925,2023-02-08,SC-20470
CA-2023-102926,2023-02-08,TR-21175
CA-2023-118255,2023-04-11,SF-20095
CA-2023-118256,2023-04-11,AL-10735
CA-2023-112220,2023-06-05,TM-21490
CA-2023-112221,2023-06-05,NB-18715
CA-2023-170310,2023-08-17,SO-20335
CA-2023-138897,2023-09-14,TM-21490
CA-2023-122428,2023-10-22,KL-16645
CA-2023-145317,2023-11-30,LS-17230
